{
  "HTTP Request-1" : {
    "transaction" : "HTTP Request-1",
    "sampleCount" : 10,
    "errorCount" : 0,
    "errorPct" : 0.0,
    "meanResTime" : 1074.3999999999999,
    "medianResTime" : 809.0,
    "minResTime" : 613.0,
    "maxResTime" : 2042.0,
    "pct1ResTime" : 2011.8000000000002,
    "pct2ResTime" : 2042.0,
    "pct3ResTime" : 2042.0,
    "throughput" : 1.239771881973717,
    "receivedKBytesPerSec" : 67.34201141364989,
    "sentKBytesPerSec" : 0.14286433796181502
  },
  "Total" : {
    "transaction" : "Total",
    "sampleCount" : 30,
    "errorCount" : 0,
    "errorPct" : 0.0,
    "meanResTime" : 949.9333333333335,
    "medianResTime" : 790.0,
    "minResTime" : 112.0,
    "maxResTime" : 3397.0,
    "pct1ResTime" : 2011.8000000000006,
    "pct2ResTime" : 3054.3499999999995,
    "pct3ResTime" : 3397.0,
    "throughput" : 3.08546744831842,
    "receivedKBytesPerSec" : 112.56673126864136,
    "sentKBytesPerSec" : 0.4660341458397613
  },
  "HTTP Request-0" : {
    "transaction" : "HTTP Request-0",
    "sampleCount" : 10,
    "errorCount" : 0,
    "errorPct" : 0.0,
    "meanResTime" : 349.30000000000007,
    "medianResTime" : 151.0,
    "minResTime" : 112.0,
    "maxResTime" : 1653.0,
    "pct1ResTime" : 1560.5000000000005,
    "pct2ResTime" : 1653.0,
    "pct3ResTime" : 1653.0,
    "throughput" : 1.1015642211940955,
    "receivedKBytesPerSec" : 0.4475104648601014,
    "sentKBytesPerSec" : 0.12263507931262393
  },
  "HTTP Request" : {
    "transaction" : "HTTP Request",
    "sampleCount" : 10,
    "errorCount" : 0,
    "errorPct" : 0.0,
    "meanResTime" : 1426.1000000000001,
    "medianResTime" : 946.5,
    "minResTime" : 755.0,
    "maxResTime" : 3397.0,
    "pct1ResTime" : 3334.7000000000003,
    "pct2ResTime" : 3397.0,
    "pct3ResTime" : 3397.0,
    "throughput" : 1.0284891494394734,
    "receivedKBytesPerSec" : 56.28336563432068,
    "sentKBytesPerSec" : 0.23301707291988066
  }
}